ga,omega_cqed_d3,omega_cqed_d5,omega_cqed_d7,omega_zd_d3,omega_zd_d5,omega_zd_d7
1.00000000,-0.44496720,-0.44496878,-0.44496878,-0.44496942,-0.44496878,-0.44496878
0.50000000,-2.26386490,-2.26457672,-2.26457672,-2.26471181,-2.26457672,-2.26457672
0.33333333,-5.37822329,-5.38368760,-5.38368760,-5.38424816,-5.38368760,-5.38368760
0.25000000,-9.76501418,-9.78053691,-9.78053691,-9.78150969,-9.78053691,-9.78053691
0.20000000,-15.41492076,-15.44526416,-15.44526416,-15.44653244,-15.44526416,-15.44526416
