# K,N,T1_sec,T2_sec,T4_sec,SU_P2,SU_P4
6.00000000e+00,4.09600000e+03,3.79000000e+01,2.47000000e+01,1.88000000e+01,1.53441296e+00,2.01595745e+00
7.00000000e+00,1.63840000e+04,4.45000000e+01,2.54000000e+01,1.63000000e+01,1.75196850e+00,2.73006135e+00
8.00000000e+00,6.55360000e+04,5.94000000e+01,3.49000000e+01,2.01000000e+01,1.70200573e+00,2.95522388e+00
9.00000000e+00,2.62144000e+05,9.24000000e+01,6.59000000e+01,2.68000000e+01,1.40212443e+00,3.44776119e+00
