# Pion mass vs fermion mass (theta=0, N=0 sector)
# L=8, L3=6, M=0.9, beta=0.5, eps=1.0
# Fit: m_pi = 1.000000 * m^(2/3) + 0.000000
m_fermion,m_pion,m_pion_err
1.00000000e-01,0.00000000e+00,0.00000000e+00
2.00000000e-01,0.00000000e+00,0.00000000e+00
3.00000000e-01,0.00000000e+00,0.00000000e+00
4.00000000e-01,0.00000000e+00,0.00000000e+00
