a_over_r0,a_over_r0_err,r0_sqrtsigma,r0_sqrtsigma_err,action
0.65789474,0.01731302,0.97327488,0.09834732,improved_wilson_Nt4
0.56497175,0.00638386,1.14709110,0.04296905,improved_wilson_Nt4
0.52273915,0.00355233,1.12526036,0.02556205,improved_wilson_Nt4
0.43725404,0.00248548,1.15034054,0.01512672,improved_wilson_Nt4
0.50251256,0.01010076,1.08996789,0.05873734,KS_Nt4
0.46082949,0.02336002,1.16858076,0.10002017,KS_Nt4
0.45454545,0.00826446,1.18064389,0.05180091,KS_Nt4
0.31847134,0.00507120,1.13214310,0.02826693,KS_Nt6
