MPS_MV,MPS_MV_err,Tc_MV,Tc_MV_err,beta,action
0.52700000,0.02600000,0.19841270,0.00944822,6.40,improved_wilson_Nt4
0.72400000,0.00600000,0.19531250,0.00122070,6.60,improved_wilson_Nt4
0.83500000,0.00400000,0.17593244,0.00074285,6.80,improved_wilson_Nt4
0.96000000,0.00200000,0.12537613,0.00018863,7.20,improved_wilson_Nt4
0.97000000,0.00300000,0.11870845,0.00028183,7.30,improved_wilson_Nt4
0.32500000,0.03500000,0.23364486,0.01091798,5.2875,KS_Nt4
0.54500000,0.02500000,0.22321429,0.00797194,5.3200,KS_Nt4
0.70000000,0.01500000,0.20491803,0.00503897,5.3750,KS_Nt4
0.35000000,0.04000000,0.23148148,0.01286008,5.4150,KS_Nt6
