MPS_MV,MPS_MV_err,MV_r0,MV_r0_err,action
0.52700000,0.02600000,1.91520000,0.10419981,improved_wilson_Nt4
0.72400000,0.00600000,2.26560000,0.02925518,improved_wilson_Nt4
0.83500000,0.00400000,2.71837300,0.02174848,improved_wilson_Nt4
0.96000000,0.00200000,4.56027800,0.02681461,improved_wilson_Nt4
0.32500000,0.03500000,2.12930000,0.10831477,KS_Nt4
0.54500000,0.02500000,2.43040000,0.15070660,KS_Nt4
0.70000000,0.01500000,2.68400000,0.08208191,KS_Nt4
0.35000000,0.04000000,2.26080000,0.13065741,KS_Nt6
