a_sqrtsigma,a_sqrtsigma_err,Tc_sqrtsigma,Tc_sqrtsigma_err,action
0.64031242,0.06246950,0.39043440,0.03809116,improved_wilson_Nt4
0.64807407,0.02314550,0.38575837,0.01377708,improved_wilson_Nt4
0.58821765,0.01275038,0.42501275,0.00921270,improved_wilson_Nt4
0.50299105,0.00596432,0.49702673,0.00589360,improved_wilson_Nt4
0.54772256,0.02738613,0.45643546,0.02282177,KS_Nt4
0.53851648,0.03713907,0.46423835,0.03201644,KS_Nt4
0.53665631,0.02142898,0.46584750,0.01860155,KS_Nt4
0.36055513,0.00693375,0.46225016,0.00888943,KS_Nt6
