MPS_MV,MPS_MV_err,Tc_sqrtsigma,Tc_sqrtsigma_err,r0_Tc,r0_Tc_err,action
0.52700000,0.02600000,0.39043440,0.03809116,0.38000000,0.01000000,improved_wilson_Nt4
0.72400000,0.00600000,0.38575837,0.01377708,0.44250000,0.00500000,improved_wilson_Nt4
0.83500000,0.00400000,0.42501275,0.00921270,0.47825000,0.00325000,improved_wilson_Nt4
0.96000000,0.00200000,0.49702673,0.00589360,0.57175000,0.00325000,improved_wilson_Nt4
0.32500000,0.03500000,0.45643546,0.02282177,0.49750000,0.01000000,KS_Nt4
0.54500000,0.02500000,0.46423835,0.03201644,0.54250000,0.02750000,KS_Nt4
0.70000000,0.01500000,0.46584750,0.01860155,0.55000000,0.01000000,KS_Nt4
0.35000000,0.04000000,0.46225016,0.00888943,0.52333333,0.00833333,KS_Nt6
